title,entry_id,entry_date,author,entry_text
ligde 34 maçta 93 puan alıp sparta prag'a elenmek,164208976,08.05.2024 12:23,heavy fuckin gun,"orhan uluca tarafından eski forum admini edasıyla konu kilit yapılmış tespitimsi.""avrupa ligi’nde lazio, marsilya’nın bulunduğu grupta lider giderken kimse lig 13’lüğünü sorgulamadı. aynı zamanda 92’den bu yana şampiyonlar ligi’nde kaç defa tur atladın da şampiyonluğu tasdik ettirdin? kaç kez avrupa’da finale gittiniz de resmiyet kazandı şampiyonluklar? benfica daha düne kadar şl üst üste mağlubiyet rekoru kırarken şampiyonluklarını mı iptal ettirdiniz? chelsea küme düşme hattından çıkıp şampiyonlar ligi’ni bayern’in elinden üstelik münih’te alırken topluca itiraz mı ettiniz? yahu senin ligin yüzyıllk, avrupa’da kupayı geçtim, çeyrek-yarı finalin bir elin parmakları kadar yok. sen iki maçta rakibine şut çekemiyorsun ama güçsüzsün diyorsun? akıl işi değil bunlar."""
okan buruk,164204044,08.05.2024 08:28,live by the creed,"türk spor basınında enteresan bir olgu var, artık adına ikiyüzlülük mü demeli, işgüzarlık mı bilemem.öncelikle son 10 yılda fenerbahçe'ye gelen ve düşüş yaşayan veya bekleneni veremeyen bazı santraforlara bir bakalım: - robin van persie: sağ diziyle kontrol yapıp, sol ayağıyla voleler yapıştıran adam bir anda ortadan kayboldu, ""zaten sakattı,"" vesaire derken suçlu kendisi. - vincent janssen : yerden ve köşelere sert vuruşlar yapabilen, kafa vuruşları da olan bir oyuncu; ama sorarsanız ""yeteneksiz oç seni getireni s..."" - islam slimani: sadece bir gol atabildi. yine suçlu %100 slimani, çünkü ""yatmaya gelmiş oç"" - mbwana samatta: belçika ligi'nin en golcü oyuncularından biriydi. ilk maçlarında etkili boş koşular yapıyordu, tek vuruşları vs. vardı, ama kulübede kola içmesiyle hatırlanıyor. sorarsanız ""yeteneksiz oç"" kontenjanına girer, suçlu tabii ki kendisi. bu sezona dönecek olursak, santraforları bırakalım: -dusan tadic: sol kanattan başka hiçbir yerde denenmedi bile. 4-2-3-1 gibi, kanat oyuncularının atlet olmasını şart koşan bir taktikte üst üste 90 dakikalar çıkarttı. bir kere de merkeze konabilir ya da maç içinde yeri değiştirilerek dinlenmesi sağlanabilirdi. düşüş yaşadığı için suçlu yine kendisi- sebastian szymanski : ""sızma koşuları"" ve uzaktan şutlarıyla herkesin beğenisini kazandı. golcü adam değilmiş meğerse, ikinci yarılarda yatmaya gelmiş, evet bildiniz, suçlu yine kendisi...- edin dzeko: beni sev'di, şampiyonlar ligi finaliydi filan derken tanınmaz halde. 37 yaşındaki adam gol kaçırdı diye gelene geçene alelacele vurup günü kurtarmaya çalışıyor. müdahale eden, dinlendiren, kendisine daha rahat gol atabilmesi için oyun planı çizen yok. suçlu kim mi, ""yatmaya gelmiş oç"" bahsettiğim iki yüzlülük, hep yabancı oyuncuların suçlu olması, teknik ekibin veya doktorların konuşulmaması. oyuncuları eleştirmek, ""bu kadar para alıyorsunuz, koşun, çabalayın"" demek kolay. fakat, bu oyuncuların transfer edildiği yerler, ekseriyetle belli bir düzeni olan avrupa kulüpleri. hem kaos hem de teknik yetersizlik içerisinde, düzene alışmış insanların sihirbaz olmasını bekleyemezsiniz. tıpkı hakan çalhanoğlu - milli takım ilişkisi gibi. kendisine soralım, kaç maçta oynadığı kulüplerdeki gibi detaylı talimat ve oyun planları verilmiş. ""hakan milli takım'da çok rerörö"" demek işin kolay tarafı. peki bunun okan buruk'la ilişkisi ne derseniz:- ""geberik, yatmaya gelmiş, kilolu, bir şeye de ayak uzat"" denilen mauro icardi ile ikinci şampiyonluğa koşması. spor basınına sorsanız, arjantin'e her gidişinde kovulması lazım. - ""kuzey afrikalı, gamsız, çelimsiz, ligimize uygun değil,"" denilen hakim ziyech'i hem mental olarak kazanması hem de saha içinde oynayacağı bir rol bulması. adam jeneriklik goller atarak kilit açıyor, topuk pasları vesaire oyunun seyrini değiştiriyor. - kaan ayhan'dan 8, barış alper yılmaz'dan sol bek, berkan kutlu'dan stoper çıkartarak elde ne varsa sonuna dek kullanabilmesi. gitti gözüyle bakılan dries mertens'in bile oyun içinde kalıp goller atabileceği bir ortam oluşturabilmesi.sırf bu sebepten bile galatasaraylıların kıymetini bilmesi gereken bir figürdür okan buruk. mecburi not: matematiksel olarak hala şampiyonluk yarışının içindeyiz sporluyum"
mauro icardi,164203679,08.05.2024 07:53,nessuno capisce,"kendisine ceza sahası içinde dokunmak da tekme atmak da yumruk atmak da serbest. bu sezon ayağına basıldı penaltı verilmedi, yumruk yedi penaltı verilmedi, şut çekerken tekme yedi sakatlandı penaltı verilmedi ama utanmadan arif marif diyor bazı kendini bilmezler."
rusya,164205109,08.05.2024 09:26,swordsman was here,"nükleer savaş başlatamayacak olan ülkedir.rusya ukrayna savaşı ikinci perdesinin başladığı 2022 şubat ayında, operasyon başladıktan 3-4 gün sonra putin zaten söylemeye başlamıştı ""nükleerimiz var kullanırız ona göre"" tadında konuşmalara. dmitri medvedev var putinin yancısı ve eski devlet başkanı olan. neredeyse her hafta nükleer savaş başlatmakla tehdit ediyor zaten. moskova'da nükleer başlıklı seyyar füze rampaları bile dolandı bir ara. pek çok haber yayınlanmıştı hatırlayanlar olur. yapabilseler bugüne kadar yaparlardı zaten.neden olmaz?1. nükleerin geri dönüşü yok! bir kez kullanırsan ""kusura bakmayın kaza oldu"" diyemezsin. nato karşısında zayıf olan tarafta olduklarını putin dahi defalarca söyledi zaten. * yani kaybetmesi kesin olan bir savaşa girmiş olurlar.2. nükleer cephanelik sürekli olarak yüksek maliyetli bakım isteyen bir türdür. periyodik aralıklar ile pahalı bakımların yapılması gerekir. tank/top/zırhlı araç ve benzeri pek çok şeyde hatta askeri üniforma ihalelerinde bile defalarca ve inanılmaz boyutta yolsuzluk yapan bir ülkenin/ordunun bu bakımları zamanında ve eksiksiz olarak yaptığını düşünmek en iyi ihtimalle naiflik olur. daha iki-üç sene önce rus ordusundan her bahseden kişi onbinlerce/yüzbinlerce tanktan, zırhlı araçtan milyonlarca toptan vs bahsediyordu. bir de şimdi bakın! ellerinde 3-5 tane tank kaldıysa kaldı. zırhlı araç kalmadı. askerlerini taşıyacak buhanka bile bulamaz oldular. hani ışid militanları gibi toyota pikaba monte doçka ile bile gezemiyorlar. taiban milisleri gibi bir motosiklete binmiş iki asker temalı pek çok video/görsel yayınlanır oldu.ellerinde 6.000 civarı nükleer başlıktan bahsediliyor ancak bunların %10'unun bile aktif ve problemsiz olarak kullanılabilir olduğundan dahi şüpheliyim.sonuç olarak: ""bizim nükleerimiz var, biz nükleer gücüz"" tadında konuşmaya devam ederler ama moskova bombalansa bile (ki dronelar ile defalarca bombalandı) kullanabileceklerini sanmıyorum.(bkz: ısıracak köpek dişini göstermez)"
mauro icardi vs gheorghe hagi,164202271,08.05.2024 03:37,ber2489,"hagi'nin galatasaray'la dört lig kupası, iki türkiye kupası, iki türkiye süper kupası, uefa kupası ve uefa süper kupası var.icardi'de ise daha biri yüklenmekte olan iki lig kupası ve bir türkiye süper kupası var.icardi'nin herhangi bir galatasaray efsanesini geçmesi için avrupa kupası ya da en azından bir şampiyonlar ligi yarı finali falan görmesi lazım.şu anki haliyle drogba, hakan şükür, burak yılmaz gibi bir sürü golcünün bireysel ve takım başarıları icardi'nin üstünde derim. icardi bu performansla birkaç sene daha kalırsa hepisini geçebilir, trend onu gösteriyor ama daha o seviyeye gelmedi.artı her şey bir yana hagi ve icardi aynı mevkiinin oyuncuları değiller.mertens'in yaşı itibariyle maksimum bir sene daha oynayacağını göz önünde bulundurursak hagi'nin ve ondan da önce sneijder'in tahtını sallayabilecek bir hakim ziyech var. onun da skinin keyfi gelip oynamaya devam ederse tabi."
dayısızlığa övgü,164210987,08.05.2024 13:45 ~ 19:43,mother of leia,"su chpli belediyelerdeki torpil ve iltimas firtinasina bakinca, icine muhalefeti de koydugum icin bana derin nefes aldiran kitap.bu pisligi sadece tek bir partiye, zamanin ruhu gaziyla yukleseydim yazarlik namusum paramparca olurdu. neyse ki chp de beni yaniltmadi ve 4 sene bile dislerini sikamadan ilk aydan belediyeleri aile sirketine cevirdiler ve akape'nin 22 senede yaptigi her pislige kendilerini ortak ettiler. bizi de mahcup.yine de inaniyorum. torpilsizlerin sayisi torpillilerden fazla oldukca bu kitap yavas yavas yayilacak insanlar is gorusmesine kollarinda bu kitabi gosterecek sekilde tasiyarak is gorusmelerine girecekler. bu asagilik torpil ve iltimas isi tekrar ayip bir sey olacak. benden baskalari da bu pisligi, bu ulkenin en buyuk sorununu yazacak, cekecek, anlatacak ve bu ahlaksizlik artik son bulacak. ama 10 ama 20 ama 100 sene sonra.inaniyorum."
2024 eurovision şarkı yarışması,164200630,08.05.2024 01:28 ~ 01:41,victor lukaku,"azerbaycan lgbti olmadığı için elendi demişsiniz. hatırlatmak isterim ki azerbaycan adına 2021 yılında yarışan efendi mahlaslı kızımız, norveç adına yarışan adamla aşk yaşaya yaşaya finale çıktı, yani bildiğin straight bir ilişkiyle birbirlerini boostlattılar. bu sene kimse azerbaycan'ın finale çıkmasını beklemiyordu, bu demek değil ki azerbaycan başarısız oldu. bütün avrupa'ya kendi kültürlerini çok klas bir şarkıyla tanıtmış oldular. maalesef fahree'nin vokalleri yetersizdi ama siz istiyorsanız buradan devam edin: ""anaağğğğ babababa azerbaycan nasıl birinci olamaz, demek ki şikkeeee var şikkkeee iyi ki tayyup bubamız bizi sokmamış ehıhıehe"" bir de her gördüğünüz tuhaf adamı ibne yapmayın amk. gözünüze tuhaf gelince ""ibne la bu"" deyip sigaranızdan fırt alıyorsunuz. geçen sene finlandiyalı kaarija'ya da aynısını yaptınız bu sene de aynısını yapıyorsunuz. elbette belki cidden ibnedir ama her soyunan ibne mi amk? her soyunan kadına niye lez demiyorsunuz? son olarak gelenekten şaşmadan bir de bu lgbt, netflix diye her sene kafa siken tayfaya komple gireyim isterim. ulan sikik, adamlar koskoca ülke amk. netflixle aynı şey mi? adam nasıl isterse o şekil gönderir, ülke halkı bir şey demiyorsa sana ne oluyor amk? şey mi zannediyorsunuz siz, böyle ""götümüz başımız ayrı oynuyor"" diye gezen eurovision ibneler topluluğu var tek tek tüm ülkelerin katılımcılarını ibnemetreyle ölçüp kabul ediyor falan mı? sana ne lan sikik? tüm hollanda halkı katılımcısını seçerken aaaa bağcılarda oturan yunus emre ibnee istemiyoooorrrduuu biz en iyisi şöyle hanım hanımcık bi kızımızı gönderelim mi diyecekti?not: hetero erkek."
7 mayıs 2024 banabi kuryesinin alay etmesi,164206467,08.05.2024 10:35 ~ 10:37,gemini stonehead,"hayatında hiç genç mavi yaka ile çalışmamış insanlara garip gelebilen ama benim artık bayağı doğal karşıladığım bir durum. adını yanlış yazan var ya. adını diyorum, kendi adını, doğuştan beri kullandığı, senelerce okula gidip yazdığı adını. yok, yazamıyor adam. ister a4'e elle yaz, istersen hız tabelası gibi kocaman tabela koy, okumayacak. okuyamıyor çünkü. neden genç mavi yaka diyorum, 40 üstü olanlar gelip çatır çatır yazıyor çünkü her şeyi. yazı biraz okunaksız oluyor vs. ama yazabiliyorlar. 20'li yaşlardakilere üç cümle yazıyı zor yazdırıyorsun resmen, bazıları dediğim şekilde kendi adını bile yazamıyor. geçen gün markette adres yazdırırken 5 basamaklı sayıyı kız birkaç denemede yazamadı, müdahale edip yazmak zorunda kaldım. eğitim sisteminin içine edildi ve ""bomboş bir nesil geliyor, ülkenin sadece bugününü değil, geleceğini de çaldılar"" diye boşuna bağırmıyorduk yani bas bas."
müge anlı ile tatlı sert,164209428,08.05.2024 12:42,nikimtamonyediharf,"bu müge bazen haklı çıkamadığı zaman karşındakini öyle darlıyor ki ben ekrandan fenalık geçiriyorum.kaybolan kadının kızına neden annenin arkadaşlarını aramadın diyor kız aradım diyor, kimi aradın diyor su şu şu, peki neden şunu aramadın. neden hastanelere bakmadın diyor kız aradım diyor, vay be hastanelere telefonla ulasiyorsun sana helal olsun ben yapamadım bi diyor. jandarmayı aradın mı, polis bölgesi burası, polisi aradın mı? polis evine git falan diyor, vay efendim polis annen otelde olduğu için onu demiş kibarca diyor. e kız bana bunu demediler diyor ben operasyon sandım diyor, ne operasyonu kızım polis kibarlık yapmış,annen otelde dememiş diyor. kız otobüs firmalarına kadar bakmış. yok asla beğenmiyor müge. kızı 5 dakika boyunca darladı.neyin peşindesin müge anlı? senin kafanda kız bisey yapmamıştı, anasının otelde olduğunu biliyordu çünkü di mi? haklı çıkamadığında hemen ezikle milleti.duygu nebioglu değil bunlar tabi. öyle susup oturamıyorsun laf yiyince."
şule gürbüz,164209970,08.05.2024 13:06,akay ali,"bir söyleşisinden alıntılar;“dünyada dert de bütündür, keder de. ama o an kendine dert değmeyenler hep kenara çekildikleri için bazı bünyelere bunlardan çok fazla isabet eder.”“ben hep gerçekten kıymet verdiğim insanların bir devamı olabilecek biri olmayı hayal ettim.”“insanın içi boşken ne düşse büyük yankı yapıyor, gençlik birazböyle bir şey. pink floyd’u 14-15 yaşımdayken, başka bir şey bilmezken içime alsaydım, bütün yankı belki de o olacaktı. ama ben bunu başkasıyla yaptığım için, o geldiğinde ona şu kadar bir yer kalmıştı ve o da orada büyük bir aksülamel, bir hatıra, büyük bir maraz, deliliğime eşlik edecek bir cinnet, şu bu bırakmadı.”“çünkü anladığımız her şeyi bir yerde bir dert vasıtasıyla anlıyoruz. ““kimse kendini hatırlatanı sevmez, unutturanı sever.”“ortaya attıklarına tevessül edilmeyince hayatın silahı kalmaz.”zaman tamircisi."
karımla entelektüel olmadığı için evlendim,164200848,08.05.2024 01:41 ~ 09.05.2024 09:29,demirfelix,"attila ilhan gerçekten usta bir şair olmakla beraber fazlası ile yüksek egolu ve geçinilmesi kolay olmayan bir insandı. bir çok edebiyat insanı gibi.eşi biket hanım ile evlenirken baştan çocuk istemediğini, eğer çocuk yapmak gibi bir niyeti varsa kendisiyle evlenmemesi gerektiğini söylemiş, hanımefendi de kabul etmiş. nitekim uzun yıllar sonra biket hanımın annelik güdüsü galip gelmiş, artık çocuk yapmak istediğini söylediği için şairden boşanmış, bir süre sonra da metin bilgin ile evlenmiş ve neredeyse 40 yaşında kızı nihan hanımefendiyi doğurmuştur.edit : the one ring'in uyarısı ile nihan hanım'ın ismi düzeltildi.velhasıl ilhan'ı tanıyanlar bu tür sivri çıkışlarına şaşırmazlar.son bir söz; edebiyatçı takımını -düşünür yönü ne olursa olsun- fazla ciddiye almayın. bu insanlar duygusal olarak uçlarda ve kendilerine dönük yaşar.geçen bir şair güzel bir şey yazdı x'te. ""benim mesleğim abartmak üzerine kurulu"" diye. haliyle edebiyatçı ve sanatçı kısmını uzaktan seveceksin.yakından gördüğünüz sizi üzebilir çünkü."
çağla tuğaltay cinayeti,164219453,08.05.2024 19:50 ~ 09.05.2024 11:21,angrychair,"polis için katili yakınlarda aradıklarından ötürü vakit kaybettikleri söylenmiş. bence yakınlarda aradıkları için değil, cinayetin tecavüze yeltenme sebebiyle işlendiğini düşündükleri için vakit kaybedildi. abinin çelişkileri, otobüse binip binmediği, saatleri vs. bütün bunların araştırılmamasının sebebi, birincisi abisi şehir dışında demeleri. ikincisi de abi kardeşine tecavüz etmeye kalkacak değil ya düşüncesi olabilir büyük ihtimalle.kim ne derse desin birinci şüpheli abi ve anne. eğer gerçekten aklanmak istiyolarsa olay çözüleceği sırada yayın yasağı getirip de programdan çekilmesin gülnur hanım. annede benim dikkatimi çeken şey kızına doğru düzgün kızım demiyor. hep çağla ya da başka tabir. bir maktul demediği kalmış. hele ki çağla fena birisi değildi güzellik açısından demesi çok tuhaf. bu küçümseme? dünyanın en çirkini bile olsa bi anne, hele ki evladı vahşice öldürülmüş bir anne, benim kızım dünyalar güzeliydi, kıydılar çocuğuma derdi! ama oğluna adıyla hitap etmiyor hiç hep oğlum diyor. oğlum derken sesi titriyor. ama çağla diyişinde bile ben şu tonlamayı duyuyorum. başımıza ne geldiyse senin yüzünden geldi çağla der gibi kadın. on dakkada halletmiş işini falan diyor. bunu psikolojisi bozulmuş annenin diye yorumlayamazsınız. daha önce de demiştim. aynı şekilde evinde boğazlanan bi yakınım oldu. neredeyse on yıl olacak anne babası bahsi geçse halen daha ağlarlar. mezar taşına bile biriciğimizdi, bi hain tarafından çalındı hayatı yazdırdılar. teyze olay nasıl olmuş diye sorsanız kadının en son kullanacağı tabir on dakkada işini halletmiş demek olur. ki o kadın şu an psikolojik ilaçlarla ayakta duruyor. biz şahidiz. üzerine bir de kızının haberini alınca neyle öldürülmüş demesine çok takıldım ben. sorulacak soru neyle öldürülmüş değil çünkü nasıl ölmüş olur. neden nasıl değil de neyle öldürüldüğünü merak etmiş? bu da bi tuhaf. abinin otobüs camını eliyle kırdığı olayına da zerre inanmıyorum. hele olayı otobüsün radyosundan duyması? ben bunu, buradaki teorileri okumadan önce haberlere bakarken okuduğumda bile otobüs radyosundan mı duymuş?? oluşmuştu kafamda.üstelik alt komşu kızın evde biriyle tartıştığını duyuyor. arkadaşı yukarı çıkıp çağla'ya bakmak istiyor ama babası otur sen yerine, abisiyle şakalışıyordur diyor? ee hani abisi üniversitedeydi? şehir dışındaydı? evde olduğunu nerden çıkarıyolar? yoksa evde olduğunu biliyolar mı? üzerine apartmandaki bütün insanlar aileye tavır yapmış? hepsi uzaklaşmış. insanlar vahşi bir şekilde kayıp vermiş komşuları niye tavır alıyor? muhatabı kesiyorlar? sürekli ifade vermekten sıkıldıkları için mi yoksa bile isteye zan altına bırakıldıklarının farkında oldukları için mi? kız, katille boğuşmamış, üzerine eve gelince sadece aaa demiş şaşırarak, ki aa sesini duyan komşular kimle neyi tartıştıklarını nasıl duyamamışlar anlamadım, bi insan tanımadığı birine bu tepkiyi vermez. eve zorla giren olmamış. üzerine cinayet abinin odasında işleniyor. komşular aileye çabuk gelin diyorlar. eve çok da uzak olmadıkları halde anne ve baba bir saat geç geliyor? sen kızın için endişeleniyorsun, habire arıyosun, komşuyu arayıp bi bak içime kurt düştü diyosun, insanlar sana çabuk eve gel dediğinde eve çok da uzak olmadığın halde bir saat sonra gidiyorsun? ki baba ortalıkta yok? hiçbir programa çıkmamış. hatta karısıyla ayrılmışlar. muhtemelen ikna edildi sessiz kalması için. ama içine sinmemiş ki ne zamanında programlara çıkmış ne de doğru düzgün yorum yapmış. bunlarla aynı evde daha fazla yaşayamayacağını bildiği için de ayrılmışlar? şimdi de konuşursa kendisinin hayatı da kayacak farkında?bu liste uzuyor da uzuyor.ben bunun şehvet cinayeti olduğunu da sanmıyorum. bence bi anlık krizle oldu. abi, kız kardeşinin arkadaşıyla ilişkisine takıntılı derecede karışıyor, kızı baskılıyor, habire ikiliyi ayırmaya çalışıyormuş. muhtemelen ayrılmadılar. arkadaşı için sağlam pabuç değildi diyor. ve kız kardeşiyle bu sebeple tartışıyor o anki öfkeyle tartışmanın seyri nasıl ilerlediyse mutfaktan aldığı bıçakla kızın boğazını kesiyor? sonra da tecavüz sahnesini kurguluyorlar? birisi çağla'ya takıktı, tecavüz etmek istedi ama yapamadı, kızı öldürdü. neymiş, regliymiş diye? yok telefonlar çaldığı için panikledi diye? o panik sırasında külodunu çıkaracak kadar soyunmayı nasıl başarmış? madem böyle bi şeye zorlanmış çağla neden direnmemiş? vs vs vs. zaten şu eve yabancı biri girdi, tecavüz etti olaylarına da hiç inanmam ya. neyse. yani olay kabbak gibi ortada aslında. bu ülkede harbiden adalet mi yok? bu nasıl bi ihmal? hadi tamam birileri belli yalan söylüyor da kim ne diye koruyor bu kişileri? anlam veremiyorum. hiç mi vicdanınız sızlamıyo ya? bir de abinin konuşanlar'daki görüntüsüne çok şaşırdım. şu sebeple; ben o programı izlemiştim ve arkada dikkatimi çekmişti bu adam. şu sebeple dikkatimi çekmişti. oturduğu yerde sürekli gergin gergin bacağını sallayışı dikkatimi çekmişti. güldüğü halde bile rahat değildi adam, dehşet huzursuzdu. demiştim amma gergin bi tip makine gibi bacağını sallıyo sürekli hiç mi yorulmuyo? bir de programda telefonda sorulara cevap verirken ses tonu tir tir titriyo adamın. konuşamadı bi ara boğazına takıldı laflar. öksüre öksüre bi hal oldu. anne desen parmağıyla sus işareti yapıyo orda. oğlu konuşurken gözlerinin doluşunda şu var; her seferinde o günü tekrar yaşıyor, o stresi tekrar yaşıyor, muhtemelen oğlunu zar zor toparladı sonrasında, aklına o geliyor. ve muhtemelen bunun suçlusu olarak da çağla'yı görüyor ki çağla'dan bahsederken hep ketum, kaya gibi, soğuk. bütün bunlar senin yüzünden oldu çağla der gibi. belki de hak ettiğini düşünüyor? rahat durmadı abisinin damarına bastı bi anlık sinirle hem kendini canından etti hem de abisinin elini kana buladı diyor? üstelik abi de programlara katılmayı istemiyor. yüzünü göstermek istemiyor. çoğu şey hatırlamıyorum çok zaman geçti diyor. zaten bi programa katılsa anlarız ne olup bittiğini. anne gibi soğukkanlı değil abi sesinden belli. bilemiyorum artık.inşallah gerçekler ortaya çıkar da artık çağla'nın ruhu da huzur bulur. biz de. hatta aile de.böyle yaşanmaz çünkü. bu zamana kadar nasıl yaşadınız bu halde ona da şaşırıyorum ya."
enya,164212143,08.05.2024 14:30 ~ 09.05.2024 08:41,kumrengi,"müzikte 40. yılını dolduran çok sevdiğim irlandalı new age sanatçısı.enya 9 kardeşiyle birlikte geleneksel irlanda müziği etkisiyle büyüdü. ana dili galce (kelt dilinin bir türevi) olup, ingilizceyi sonradan okulda öğrenmiştir. erken yaşlarda piyano çalmaya başlayıp kardeşleri ile birlikte clannad isimli grupta vokalist olarak yer aldı. ancak kısa bir süre sonra gruptan ayrılıp solo kariyerine başladı.prodüktörü nicky ryan ve eşi olan söz yazarı roma ryan, enya'nın arkasındaki önemli isimlerdir. dublin'de çok sevdiği şatosunda yaşar. hiç evlenmemiştir. asla konser vermez. röportaj belki. ""özel yaşam tarzım birçok insanı rahatsız ediyor. gece kulüplerine gitmek istememek suç mu ? "" demişliği vardır.u2'dan sonra irlanda'nın en çok albüm satan sanatçısıdır. müthiş bir serveti vardır.ilk albümü olan the celts, aslında bir belgesel için hazırladığı parçalardan oluşan bir derlemeydi. epona, portrait, fairytale gibi çok hoş enstrümental eserler de vardı. ancak esas patlamasını 1987 tarihli watermark albümü ile yaptı. 10 milyonun üzerinde satan bu albümden çıkan ilk şarkı orinoco flow uluslararası bir hit oldu. ona grammy adaylığı getiren bu albümde cursum perficio, watermark, storms in africa, river, miss clare remembers gibi nefis şarkıları da vardı. hala da en sevdiğim ve ilk aldığım albümüdür. burda cursum perficio için bir parantez açmak gerekiyor. enya'nın alışılmış tarzının dışındaki bu olağanüstü parça, kariyerindeki üç ""dark"" eserden biridir. diğerleri pax deorum ve tempus vernum'dur. ardından 1991 tarihli ve içinde caribbean blue olan shepherd moons (nihayet grammy aldı) ve 1995 tarihli memory of trees albümleri geldi. may it be isimli şarkısı the lord of the rings'in müziği olarak kullanıldı. bu şarkısı ile yine grammy kazandı.hala aktif müzik yaşamına devam etmektedir.en sevdiğim 10 şarkısı:1. orinoco flow2. caribbean blue3. cursum perficio4. anywhere is5. storms in africa6. miss clare remembers7. river8. pax deorum9. watermark10. portrait"
finlandiya,164213923,08.05.2024 15:46 ~ 17:13,cefakar ebegumeci,hapishaneler an itibarıyla kapasiteyi aşmış durumda: https://yle.fi/a/74-20087488bunda kalitesiz bombok yerlerden gelen göç dalgasının ve gençler arasında hızla yayılan getto kültürüyle yerli gençlerin zencileşmesinin payı yadsınamaz elbet. 10 yaşında veletler ilkokulda birbirini bıçaklıyor. bütün gelişmiş ülkelerde orta sınıf ve orta sınıf kültürünün altı oyularak yerine afrika ve ortadoğudan ithal edilen şiddete meyyal düşük iq'lu nüfus ve amerikan getto zenci kültürü koyulunca sonuç bu oluyor.
8 mayıs 2024 kalben'in gözaltına alınması,164210100,08.05.2024 13:11 ~ 15:30,eaaii,"az önce odatv filigranı ile yapılan söz konusu operasyonun görüntülerini izledim.ilgili görüntülerhepi topu; balkondan atılmış bir kavanoz içinde bir kaç söbek yerli ot (esrar) ile evde mevcut oyuncak araba içerisinde bulunmuş küçük bir parça yabancı ot (skunk) söz konusu. görüntülerde kişisel kullanım için olduğu belli olan bir grinder (öğütücü) var.yani kişinin sadece içici olduğunu belli eden miktarlar bunlar. ayrıca kimyasal (met, eroin, kokain, bonzia, hap vb) bir uyuşturucu bile söz konusu değil.anlayamıyorum gerçekten... bunca polisi toplayıp sabahın köründe eve operasyon yapacak ne var?işin magazinsel boyutu var diye desem, öyle çok magazinsel bir fügür de değil kişi...ülkenin limanlarında konteyner konteyner uyuşturucu trafiği var. her ay ''yapılan ihbarı değerlendirip, en yüksek miktarda bulunan uyuşturucu'' haberleri var!! yurtdışı uyuşturucu baronlarının ve bağlantılarının ülkemizde rahatça dolaştığı hatta birbirleri ile çatıştığı haberleri var. daha komiği geçenlerde gördüğüm bir sosyal medya paylaşımı var ki; iki gurup cadde ortasında kavga ediyor ve aralarından polis ekip arabası geçiyor. olaya müdahil olmayı bırakın, olay bölgesinden ufak ufak öyle bir uzaklaşmaları var ki... güler misin? ağlar mısın?kıyılara vuran cesetler, sinan ateş gibi vakalar, faaili meçhuller, karakolda polisin polisleri vurduğu cinayetler vs vs vs...ama onlarla ilgili bir gelişme yok. ancak 2-3 parça otu olan bir kadına yapılan şafak baskını var. dünyanın bir çok ülkesinde legalleştirilmiş olan bir keyif verici madde söz konusu.3-5 seneye bizde de başlar yasal olsun tantanası. gençleri zaten met belasına düşürmüşler! zamanında 3 kuruşa piyasaya sürdükleri meti, şimdi pırlanta fiyatına satıyorlar sokakta. parası yetmeyen kumara düşmüş, gaspa düşmüş, fuhuşa düşmüş... ama haberlerde kalben'e yapılan operasyon var. bir de kadının az bir parasını görüntülemişler. algıya bakar mısın? yazık ...gerçekten yazık..."
galatasaray,164197959,08.05.2024 00:00 ~ 09.05.2024 08:58,kimin tenisi daha buyuk,edit : debeye sokan herkese teşekkür ederim. bugün süper lig puan rekorunu kırıyorsa-7 ay kupa göremeyen bir başkanı göndermesi (burak elmas)-tarihin en büyük türk teknik direktörünü 13. olduğunda göndermesi ( fatih terim)-tarihin en başarılı başkanlarından birini (ünal aysal)-şampiyon yapmasına rağmen gözünün yaşına baklımadan gönderilen (dursun özbek)- sağlık problemleri yaşamasına rağmen kulüpte linç edilen ve sağlıklı olsa dahi aday olamayacak (bkz: mustafa cengiz)iyi iş çıkarmasına rağmen sözleşmesi uzatılmayan (bkz: roberto mancini)sayesinde olmuştır. galatasarayda sürekli ip üstündesiniz. bugün okan buruk övülüyor. hakkıdır da. tarihin en dominant şampiyonluğunu alacak. ancak yeni sezon başlasın 4. hafta liderden 4 puan geriye düşelim eleştirilir. liderden 8-9 puan geriye düşelim anında yollanır. bahsettiğimiz kişi geçtiğimiz sezonu belki de 100 puan ve fazlası ile bitirecek.galatasaray böyledir. ve böyle olduğu sürece kazanacak. başarısızlığını başkasında ve başka şeylerde aramaz. 2000 yılında uefa kupasını aldı diye hocasının arkasında 2023'te durmaz. bugün iyiysen arkandayız. iyi değilsen plaketini alırsın ve gidersin iyi biri gelir.galatasaray böyledir. böyle de olduğu için başarılar gelmeye devam edecek.tanım: efsanevi spor kulübü.
lock out tag out,164213284,08.05.2024 15:19 ~ 15:20,mubuto87,"enerjili sistemlerin bakımları yapılırken enerji kaynaklarının kapatılıp, kilitlenerek çalışması engellenir ve kilitlerin üzerine kimin tarafından kilitlendiği belirtilen etiketler asılır. işi yapacak olan kişi işi yaptığı süre boyunca kilidin anahtarını yanında taşıyarak kendi can güvenliğini sağlar. örneğin bir presin içerisine girecek kişi hem elektrik şalterini kapatıp kilitler hem de hidrolik presin başka şekilde çalışma ihtimali (yer çekimi, hidrolik sıvı hatası vs.) varsa engeller koyup kilitleyerek kendini korur. facialar meydana gelmez."
türkiye,164204497,08.05.2024 08:56 ~ 09.05.2024 12:00,buyuyup buyuk adam olacaktim,"parası olanlar için değil siyasi bağlantısı olanlar için cennet.oturduğu yerden ve bindiği arabadan bol bol parası olduğu belli olan insanların trafikte nasıl çıldırdığını görmüşsünüzdür.paranız var ama siyasi bağlantınız yoksa ancak üst sınıf mercedes'te ağlarsınız.siyasi bağlantılar size ayrıcalık tanır, en basitinden ahmet hakan gibi nişantaşıdaki evinizin önüne park yeri ayarlanır. gideceğiniz yere de çakarlı araçla gidersiniz ve size kimse ilişmez.bu, parayla alamayacağınız bir lükstür. tamam hadi helikopterle gidersiniz belki ama her yere inemeyeceğiniz için helikopter siyasi bağlantı kadar etmez.ne kadar paranız olursa olsun diyanet işleri başkanı kadar rahat seyahat edemezsiniz. audi'yi alırsınız, sonra clio ile yan yana saatlerinizi harcarsınız yollarda. adam öteki tarafı bıraktı, hayır duası hak yememe gibi şeylerden vazgeçti ve tek beklentisi çakarlı eskortlu audi oldu bak. adam allah'ın cennetinden audi'li türkiye için vazgeçti, vardır bir bildiği :)bu sadece trafik örneği, hukuk da böyle iş güç meseleleri de. parayla alınamayan, sadece siyasilerin sahip olabileceği ve dağıtabileceği imtiyazlar hayatın her noktasında."
e-kitap okuyucu,164211146,08.05.2024 13:51 ~ 09.05.2024 13:21,kavanoz necati,"dünyanın en güzel icatlatı arasında ilk ona rahat yazarım. sıkı bir okur hele hele benim gibi araştırmacıysanız düşünmeden satın alın. bir sürü güzel özelliği vardır elbette. okumayı hızlandırıyor, hamallık yapmıyorsunuz, muazzam bir kütüphaneyi cebinizine sığdırıyorsunuz... bunların hepsi bir yana altını çizdiğin satırların bir metin belgesine kaydediliyor oluşu en sevdiğim özelliği. tarih, psikoloji, felsefe vb. alanlarda araştırmalar yapan birisi olarak çok işimi görüyor. atıf yapacaksam, konuyla ilgili bir şey yazacaksam direkt metin belgesinden ulaşıyorum. kitabı bitirdiğimde altını çizdiğim yerleri döküman halinde ile hediye olarak geliyor resmen. muazzam kolaylık. e-kitap olayına karşı olup kitap kokusu romantizmi yapanlar yeteri kadar aşağılanmış. bu arkadaşlara bir tekme de ben atmak istiyorum: kitaplar parfüm değildir. onlar ufkumuzu genişletelim, dünyayı anlayalım, bir şeyler öğrenelim diye var. kokusuna çok meraklıysanız alın eve bir meşe odunu koklayın durun sabaha kadar. arada öpüp okşarsınız.edit: herkes marka model sormuş. amazon kindle paperwhite 6.8 kullanmaktayım. ürün bilgisi, ortalama fiyatı, özelliklerine ulaşmanız için bir link bırakıyorum. ben buradan almadım. sadece ürün bilgisine ulaşmanız için link veriyorum.buyrun"
ceyda düvenci,164204060,08.05.2024 08:28 ~ 13:47,bikendimisevsem,"ünlülerde yeni bir hastalık başladı. ben ne düşünüyorsam, ne açıklıyorsam doğrudur ve kitleler buna uymalıdır.bergüzar korel, hazal kaya vs.. de bu furyadan.özellikle kadınlar ile ilgili konularda, kaş yapıcam derken göz çıkartmalar.. ben ünlüyüm, herşeyi ben biliyorum tavırları. birde bunun para bende zekada bende versiyonu ile boğuştuk yıllarca. herşeyi bir bunlar biliyor. bu ülkenin okumuş, kendi mesleğine vakıf, aydın kadınları yokmuş gibi her konuya bunlar saldırıyor. sosyal medyanın en büyük zararı burda işte. hadsiz insanları çoğalttı. eline telefonu alan, sosyolog, ekonomist, psikolog, eleştirmen, kişisel gelişim uzmanı vs.. oldu. yahu çok değil kısa bir zaman öncesinde doğru düzgün bir tez yazmadan bile ne düşündüğünüzün ehemmiyeti yoktu çünkü o düşünce üzerine uzunca bir süre düşünüp, araştırmak makbuldü.neticede bir susun artık ya. herkes o kadar çok konuşuyor ki. her konuda o kadar bilgisi olmadan fikri olan var ki. bıktırdı iyice..edit: ekleme"
los lunes al sol,164216803,08.05.2024 17:54,leylin,"türkçeye güneşli pazartesiler olarak çevirilen film, özelleştirme sonucu işten atılan bir grup iş arkadaşının yer yer gülümseten, ama çoğunlukla gözleri dolduran hikayelerini anlatır. 2002 yapımı bu filmi benim de işsiz olduğum bir dönemde izlemiştim ilk defa.. filmdeki karakterleri o kadar kendime yakın bulmuş ve iyi anlamıştım ki.. işsizlik hangi coğrafyada yaşanırsa yaşansın insanlar üzerindeki etkisi değişmiyor sanırım. film size; haftanın günlerinin her birinin sizin için aynı olduğu ve günün adının veya takvimlerdeki tarihin bir öneminin bulunmadığı günleri; gece ve gündüzün birbirine karıştığı, sendromlu pazartesilerin bile özlemle hatırlandığı günleri; arayan her yabancı numaraya heyecanlandığınız, yapılan her iş görüşmesine umutla gidip, başınız önde ayrıldığınız günleri, faturalarınızı ödemekte zorlandığınız günleri anımsatır..hayatının herhangi bir döneminde işsiz kalan bir insanın çok iyi anlayabileceği duygular öyle güzel, incelikle yansıtılmış ki filme, izlerken hem bu işsizliği ve yoksulluğu yaratan sisteme lanet okumamak, hem de bu duyguları bu kadar başarılı yansıtabildiği için yönetmene hayran kalmamak mümkün değil.. --- spoiler ---filmde bir sahne var ki aradan yıllar geçse de beynime kazındı adeta. görebildiğim kadarıyla birçok yazarda da aynı etkiyi bırakmış o sahne. santa amador'u getirip evine bırakır. yerde duran bardakları alır, lavaboya götürür, musluğu çevirir, sonra diğer musluğu çevirir ve bir süredir suyun akmadığını fark eder. sonra kamera santa'nın gözlerinden tüm evi dolaşır, amador'un yoksulluğu yüreğimizi sızlatır. amador'un evi içinde yaşadığımız acımasız sistemin özeti gibidir..--- spoiler ---"
ekşi itiraf,164199932,08.05.2024 00:56,saraswatii,doktor kontrolümden sonra artık sesli de söyleyebiliyorum. ben kanseri yendim!
eylem tok,164203383,08.05.2024 07:15,jord,pırıl pırıl oğlunu anne eteğinde yetişmiş özgüvensiz bir asalak olarak hardcore bir parti sonrası new york tuvaletlerinden birinde overdose’dan gitmiş olarak bulacağını düşündüğüm kadın.
10 mayıs 2024 öğretmenlerin iş bırakması,164216928,08.05.2024 17:59 ~ 19:29,cemallamec,öncelikle (bkz: yabancı uyruklu öğrencinin müdürü vurması)10 mayıs 2024 cuma günü tüm öğretmenler öldürülen meslektaşı (ibrahim oktugan) için 1 gün iş bırakma eylemi yapacak.iş bırakma eylemi yapacak sendikalar şöyle:- eğitim iş (ilgili tweet)- türk eğitim sen (ilgili tweet)- eğitim sen (ilgili tweet)- eğitim gücü sen (ilgili tweet)- hürriyetçi eğitim sen (ilgili tweet)- anadolu eğitim sen (ilgili tweet)- töb sen (ilgili tweet)- eğitim bir sen (ilgili tweet)- teç sen (ilgili tweet)öğretmenlerin bu kadar sendikaya bölünmesi ayrı bir olay olsa da sonunda ortak karar almaları sevindirici.
sırplardaki türk düşmanlığı,164207430,08.05.2024 11:19 ~ 11:22,sokrataristo,"sırp var, sırp var.bosna'daki republika srpska 'da yaşayan sırplar, türklerden öyle bir nefret eder ki, onların gözünde arnavut ve boşnaktan daha büyük düşmandır türkler.sırbistan'da ise bulunduğunuz şehre göre nefret veya sevgi değişir. ülkenin güneydoğusuna yani makedonya-bulgaristan sınırına doğru türk nefreti belirgin görülür; niş kenti ve kırsalında bu zirve yapar. yine ülkenin batı hattı boyunca yani bosna sınırına doğru benzer bir yerleşmiş türk düşmanlığı görülür. fakat ülkenin kuzeyine doğru yani macaristan'a doğru bu nefret yerini nötr bir ilgiye ve hatta yer yer hayranlığa bırakır. ki sırpların entelijansiyasında ciddi bir türk hayranlığı vardır, bakın ilgi ya da sevginin de ötesinde. belgrad, novi sad gibi büyük kentlerde düşmanlıktan ziyade bunu görürsünüz. taşralı değilse zaten genç nüfusta artık bu düşmanlık hiç kalmadı denilebilir.bir de karadağ sırpları var ki, bunlar güneyde kalmalarına rağmen kuzey insanı gibi türklere ilgiyle yaklaşır, nefret hiç gözlemlemedim.genel olarak tarihsel türk-sırp ilişkisini sorunlu bir baba-oğul ilişkisi olarak gözlemlemek mümkün. sevgi muallak, çatışma kaçınılmaz ama bir hayranlık, bir ilgi kesinlikle var. bu tarihsel ilişki günümüze de yansıyor; sokakta sırp bunu alenen açıklayamaz ama gözlemler ve etkileşimler bu çıkarımı veriyor bize."
yabancı uyruklu adamın berberden kovulması,164215634,08.05.2024 17:02,fatifati,"abi çok iyi ama ya. muhteşem...berberin sakinliği. ilk seferinde gayet nazik bir şekilde uyarması. tekrar edince sktiri çekmesi falan.başyapıt.insan olmayı öğretmiş, fakat sonuç alınamayacağını anlayınca basmış enseye tokadı göndermiş.işte biz buyuz. ırkçı falan değiliz arkadaş. sonuçlar üzerine konuşuyoruz. biz bunları uyardık. entegre olmak istemediler. biz de tokadı basmak üzereyiz!"
borsa istanbul,164208254,08.05.2024 11:50,panic13,"borsa istanbul üzerine tecrübesi olan yazar arkadaşlarımızın bahsettiği ""acemi yatırımcı"" tam olarak benim. aileden kaynaklı nedenle geleneksel olarak altın toplayıp biriktiririm, çok da bakmam ne kazandığım veya kaybettiğime. fırsat doğduğunda da kenardaki altınlarımı nakte çevirip ucuz arsa/tarla (cidden ucuz, şimdinin parası ile 200-300 bin tl civarı fiyatlara) alırım. maksat elimizdeki avucumuzdakinden olmayalım. arsalardan (arsalar derken çift haneli sayıda tapu değil, tek haneli sayılar ve cidden ucuz. hepsini satsak belki 1+1 60m2 ev bile alamayız istanbul'da) beklentimin üzerinde prim yapanı olduğu gibi, hiç prim yapmayan da mevcut.son 1,5 - 2 yılda en yakınlarım dahi borsadan prim yapınca (az ya da çok) dedim ""ne menem bir şeydi şu borsa yav?"". 1 aylık kadar bir araştırmadan sonra her zamanki gibi hisse alıp satmaktan korkutuğum için borsaya girmek noktasında en güvenli limanın ""borsa fonları"" olduğuna karar verip son 5 aydır ykb'nin aşağıdaki üç fonuna düzenli olarak her ay 2500 tl atmaktayım (arada bazı fonlara atmadığım veya eksik attığım oldu ama çok farketmez sanırım);yerli hisse fonu (yhs)koç holding iştirakleri hisse senedi fonu (yas)altın fonu (ykt)yhs ve yas %25 civarı prim yaparken altın fonu maalesef prim yapmadı. ama mesele değil, düşüşlere veya prim yapmamasına bakmadan almaya devam ediyorum. onun da günü gelecektir.benim gözüm büyük para kazanmada değil ""aman param değer kaybetmesin"" şiarında olduğu için yaptığım primden memnunum. çünkü ne borsa üzerine teknik analiz kasacak zamanım ne de herhangi bir kayıpta soğukkanlılığımı koruyacak mental yapım var. bir süre daha fon üzerinde durup, biraz diğer borsa araçlarını öğrenip yavaştan koç holding, tüpraş, bim, thy gibi hisselere yatırıma başlayacağım 3000-5000 gibi tutarlarda. bu entryi kimseye bir tavsiye içermemekte olup, sadece kendi tecrübelerimi ve beklentimi anlatmaktadır."
kızıl goncalar,164200933,08.05.2024 01:46 ~ 01:48,seni gidi bok,biraz daha abartırsa sadi hüdayi’yi oynayan abimizin bir tarikatın başına geçebilecek kadar “gerçek” durduğu dizi. --- spoiler ---cüneyd sikerler eşiğinden atlayarak rahatlamış ve yarışta eşitliği sağlamıştır. onun daha süslü laflarla ifade ettiği bu sikerler eşiği muhteşem bir eşiktir. ayrıca cüneyd’i oynayan oyuncu her şeyden öte televizyon tarihine de bir “cüneyd yürümesi” bırakacak sanırım. adam resmen fıtıfıtı cüneyd. feyza’dan acilen bir feminist atak bekliyorum. zeynep’ten umudu kestim. son bölüme kadar gücünü kullanmaktan imtina edip dayak üzerine dayak yiyen anime karakteri gibi. aşırı bayıyor onun bu hali. ama feyza sıçarım haaa diyerek tamamen çok farklı bir hale bürünebilir. feyza daha radikal kararlar alabilen bir manyak çünkü fıtrat olarak. zeynep daha feyza’nın babasına koyduğu satış kadar sert bir satışı o zalim gudubet babasına koyamadı bence. hikayenin sonunda da hasna’nın kendini öldüreceğini düşünüyorum. kendi dışında çok kuvvetli ve iktidarlı bir güce mutlak itaat eden ve o iktidarın kendi payına düşenini memnuniyetle kabul eden kadınların “güç” kaybı sonrası intihar etmeleri çok olası oluyor çünkü. --- spoiler ---.
roma imparatorluğu,164202338,08.05.2024 03:46,hezarfen bo,"dünya siyasi tarihinin temel taşı olan imparatorluk. roma imparatorluğu denildiği zaman akıllara belli başlı tablolar/resimler gelir. bu tablolara/resimlere bakarak imparatorluğa dair pek çok bilgiye ulaşılabilir. işte, o sanat eserlerinden bazıları.1. ""vercingetorix throws down his arms at the feet of julius caesar"" - lionel royergörsel* en bilindik çizimlerden biri olan bu eserde, galya kralı vercingetorix'in, julius caesar'a teslim oluşu anlatılır. vercingetorix, julius caesar'ın en dişli rakiplerinden biriydi. bu teslimiyetinden sonra roma'ya götürüldü, zafer alayından sonra öldürüldü.2. ""the siege and destruction of jerusalem"" - david robertsgörsel* ms 70 yılında yaklaşık beş ay süren kudüs kuşatması'nı anlatır. imparator vespisianus oğlu titus'u kudüs'teki ayaklanmayı bastırmasını emretmesiyle yahudiler için zor günler başladı. kuşatmanın uzatması romalılar'ı delirtti ve sonucunda en az yarım milyon yahudi öldürüldü.3. ""the death of paulus aemilius at the battle of cannae"" - john trumbullgörsel* roma tarihi'nin en ağır yenilgilerinden biri olan mö 216'daki cannae savaşı'nda en üst rütbeli romalı komutan olan lucius aemilius paullus'un ölümü anlatılır. roma ordusu bu ağır yenilgide en az 60 bin askerini kaybetti. kazanan tarafta kartacalı hannibal barca vardı.4. ""the consummation of empire"" - thomas colegörsel* sanat eleştirmenlerine göre bu muazzam eser, imparatorluğun görkemini yansıtsa da aslında çöküşün bir görüntüsüdür. çok belli olmayan insan figürleri aslında hiçbir şeyi umursamamakla suçlanmaktadır. 5. ""the destruction"" - thomas colegörsel* kuşkusuz en sağlam eserlerden biridir. ressamımız 4. görselde anlatmaya çalıştığımız kara dumanları imparatorluğa getirmiştir.6. ""aqueduct near rome"" - thomas colegörsel""roman campagna""görsel * roma şehri dışındaki bir su kemerinin kırık döküklüğü insana dokunmaktadır.7. ""gladyatörler dövüşü"" ya da ""gladiators"" - jean-leon geromegörsel* bir gladyatörün karizmasını en ince ayrıntısına kadar gördüğümüz bu kusursuz eser, gerçeğinden daha gerçek.8. ""the death of caesar"" - jean-leon geromegörsel* mö 15 mart 44'te suikasta kurban giden julius caesar'ın ölümü anlatılan bu eserde, julius caesar, zamanın en güçlü insanı, yerde yatmaktadır. önünde yattığı karanlıktakiheykel, iç savaşta rakibi olan pompeius magnus'un heykelidir. yutkunduk resmen.9. ""slave market in ancient rome"" - jean-leon geromegörsel""a roman slave market"" - jean-leon geromegörsel*roma köle pazarını anlatan eserlerimiz müşterilerin atikliğini gösterirken köle olarak satılacakların çaresizliği içimize işler.10. ""the fire of rome"" - hubert robertgörsel* ms 64 yılında gerçekleşen büyük roma yangını'nda alevlere teslim olan kutsal şehre bakıyoruz. imparator neron'un yangına bakarak lirle bir tepede şarkı söylediği rivayet edilir.""the pantheon with the port of ripetta"" - hubert robertgörselimparatorluğun şüphesiz en kusursuz eserlerinden olan pantheon'a bakış. çektiğim yüzlerce fotoğraftan daha kaliteli.* görseller, ressamlara ait wikipedia başlıklarından alındı."
hayattan bugüne kadar öğrenilen en önemli şey,164201109,08.05.2024 01:55 ~ 09.05.2024 04:18,fbu,"cahit sıtkı 35'inde öğrenmişti;..""gökyüzünün başka rengi de varmış!geç fark ettim taşın sert olduğunusu insanı boğar, ateş yakarmış!.""mevlana şöyle ifade eder;""hiçbir şey göründüğü gibi değildir. bugün hayat veren su, yarın sizi boğabilir."" ayrı dünyalardan olsalar da marx, mevlana ile aynı fikirdedir, ""görünen, gerçek olsaydı bilime gerek kalmazdı. "" decartes bilimsel kuşkuya davet ediyordu bizi, metodik kuşkuya..""kesin olan bir şey var. bir şeyin doğruluğundan şüphe etmek. şüphe etmek düşünmektir. düşünmekse var olmaktır. öyleyse var olduğum şüphesizdir. düşünüyorum, o halde varım.""sokrates bildiğim tek şey hiçbir şey bilmediğimdir diyordu. bilgiyi de hayatı da sorgulamak gerekiyordu. herakleitos'a göre her şey değişiyordu. değişmeyen tek şey değişimin kendisiydi.nedir, en önemli şey/şeyler;bildiklerimiz bildiğimiz gibi değildir. hiçbir şey de göründüğü gibi değildir. görünenin görmediğimiz farklı bir yüzü olabilir; söylendiği gibi, gösterildiği gibi, empoze edildiği gibi olmayabilir. tabii hemen akla ilişkilerimiz geliyor, arkadaşlıklar, dostluklar.. bir şekilde yolumuzun kesiştiği insanlar.. kim olduğu gibi görünüyor, diyelim göründü, kim kimi olduğu gibi kabul ediyor? bu yüzden kimse göründüğü insan değil; olduğundan farklı görünüyor, çünkü olduğu hâliyle sevilmeyebilir. bir ilişkide, adı ne olursa olsun, dürüstlük ve içtenlik en çok gereken ama en zor bulunan.. çocukluğumda ""insanın alacası içindedir"" derdi büyükler. neydi bu ""alaca"", bilmiyordum; pek iyi bir şey değil galiba diye düşünüyordum.bu kadarla bitmiyor; bilim, tarih, politika.. sabah akşam dinlediğimiz haberler.. hepsi manipülasyona açık, gerçekliği kuşkuludur.kitleler algı ve manipülasyonla yönetilir.gustave le bon kitleler psikolojisi'nde ""bazı düşüncelerin kolaylıkla kabul edilmesi, yayılması, insanların çoğunun kendi yargılamaları üzerine kurulmuş bir düşünceye sahip olmak imkânından yoksun bulunmalarındandır."" der.yine le bon'a sorarsak, burasını mealen söylüyorum, kişi kimliği, eğitimi, karakteri, entelektüel düzeyi ne olursa olsun, isterse akademik biri olsun, kitle içindeyken kitleyle eşitleniyor. ve karşısında bir ""uyutan"" varsa, bilinci uykuya geçiyor. ""uyutucunun kendi arzusuna göre yönettiği bütün bilinçaltı etkinliklerinin esiri oluyor. artık bu adamda bilinçli kişilik kaybolmuştur, irade ve seçme kabiliyeti kalmamıştır. duyguları, düşünceleri o zaman uyutucunun yönlendireceği tarafa doğru yönelir."" diyor le bon. bu yüzden güçlüler ""birey""lerden nefret ediyor. çünkü kitleden ayrışıyor birey. mesele şu ki, her durumda birey olmakta ısrar etmek gerek. özgürce düşünmek, sorgulamak, kavramak ve karar vermek için bu elzem. yoksa insanın koyundan farkı kalmıyor.bu da öğrenilen en önemli şeylerden.."
istanbul havalimanı mcdonald's fiyatları,164202962,08.05.2024 05:45,yarbed,"ülkemize özgü ahlaksızlık vergisinden payını almış fiyatlardır.ben ara sıra singapur'a gidiyorum. her sene dünyanın en güzel havalimanı seçilen, lüks ve konfor açısından istanbul havalimanını gecekondu mahallesi gibi gösterme potansiyeline sahip singapur changi havalimanında ortalama yiyecek fiyatı 8-9 dolar. kaldı ki bu dandik mcdonald's menüsü de değil. en son gittiğimde havalimanındaki ""sokak yemekleri"" köşesinde taptaze hazırlanan acı istiridye soslu ve karidesli noodle yemiştim. 9 dolar mıydı neydi. singapur dediğiniz yerde ödenebilecek en düşük maaş 1.400 - 1.500 abd doları civarında. kişi başına yıllık gelir 85 bin abd doları. yani ülke türkiye'den çok daha zengin. 1 oda + 1 salon apartmanın aylık kirası 3 bin dolar filan. yani emlak türkiye'den çok daha pahalı.peki dünyanın en lüks havalimanına sahip, dünyanın en pahalı ve en zengin ülkeleri arasında yer alan singapur'da havalimanı yiyecek ücretleri neden ucuz?ucuz değil... aslında onlara pahalı geliyor, çünkü aynı yemek singapur sokaklarında 5-6 dolar.... ama o kadar işte.bizde her şey pahalı... çünkü biz en tepeden en dibe kadar ahlaksız bir toplumuz. rüşvet, kara para, kanunsuz ihale, devlet arazisine çökme, her şey var bizde. ülkede piramit sistemiyle çalışmayan kurum kalmadı.fiyatını açıklayamadığınız bir şey gördüyseniz çok düşünmeyin.onun içinde de ahlaksızlık vergisi vardır."
sevan nişanyan,164207836,08.05.2024 11:34 ~ 11:42,ravdav,"https://twitter.com/…?t=8qlyuer4br8wje5zix7i2g&s=19bu kadardır. ne eksik ne fazla.keşke bu ite bir daha gün yuzu göstermeyecek bir devletimiz olsaydı. keske bir devletimiz olsaydı.yaşı, cinsiyeti, ideolojisi, kaşı gözü asla fark etmez, bir yerde bir türk ölürse bu onun bunun evladı mutlu oluyor. eskiden de kadın ve türk düşmanı çakma entel hirbonun tekiydi, yakın zamanda karabağ'da götü alev alev yanınca iyice adi bir serefsiz oldu.bu arada bunu seven sayan aydın falan diyenler yilmaz güney'i de düzgün insan sanan psikolojisi bozuk, kompleksi sik kırıkları. itibar etmeyiniz, sokakta suratlarına tükürüp, sözlükte engelleyiniz."
kadınların hesap ödenirken sessiz kalması,164206991,08.05.2024 10:59 ~ 12:18,ibikli yumurta,"kimse sizin hesap ödemenize muhtaç değil erkekler. eğer sonrasında ağlayacaksanız 2 kuruş için, kimseyi yemeğe çıkarmak zorunda da değilsiniz. kadınların hesap öderken sessiz kalmasına dönersek; ben kendimden örnek verecek olursam, bir erkekten gerçekten hoşlanıyorsam ve ilk buluşmada hoşlanma durumum devam etmişse; isterim ki hesabı o ödesin. siz erkeklerin hoşuna gidiyor böyle ufak şeyler... tartışmam, gereksiz sen ödeyeceksin, ben ödeyeceğim diyaloguna girmem. sessiz kalırım. sonrasında zaten ben bir şekilde 2. buluşma için davet ederim. hayır ilk buluşmada da ben davet ettiysem ödetmem zaten. davet eden öder malum *eğer adamdan yemek sırasında hoşlanmamışsam, bir şekilde yediğim yemek boğazıma dizilmişse, içtiğimden bir şey anlamamışsam -bir tuvalet boşluğu olur, bir boşluk yaratılır -hesabı ben öder geçerim. yemeğimi boğazıma dizen adam, sonrasında 2 kuruşluk yemeğin hesabını da sorar zaten. hiç gerek yok. o benden yesin. aç karnı doysun fukaranın. kadınlar hesap ödenirken sessiz kalıyormuş. ay götüm ya..."
7 mayıs 2024 psg borussia dortmund maçı,164198480,08.05.2024 00:13 ~ 00:22,yikikliberal,"bir tarafta bundesligaya ambargo koymuş bavyeranın ne kadar büyük firması varsa arkasına almış bayern münih, kupa sefiri, sadece stadına 1 milyar euro harcayan real madrid ve sahibinin grubunun servetinin 1 trilyon dolar olduğu söylenen psg diğer tarafta bu kulüpler tarafından ne kadar iyi oyuncusu, teknik direktörü varsa sömürülmüş, halk maç izlesin diye trde bile olmayacak fiyatlara bilet satan gariban takımı borussia dortmundsevmeyelim de taşa mı dönelim kardeşimbu arada münihten bile geçen yıl dortmundun son maçına giden bir yığın insan vardı tüm almanyada da sevilen bir kulüp ama olamadı şampiyon"
kiracı olarak oturulan evin satılacak olması,164204718,08.05.2024 09:07 ~ 15:09,plevnedencikmamdiyorum1969,"yeni mal sahibi ile kira sozlesmesi yapmaya gerek yoktur, eski mal sahibi ile olan sozlesme aynen devam ederancak evi satin alan kisi kendisi evde oturacak ise size evi satin aldiktan 1 ay icinde noterden tahliye emri gonderirbu durumda evi 6 ay icinde bosaltmaniz gerekir6 ay icinde evi tahliye etmezseniz yeni mal sahibi sulh hukuk mahkemesinde tahliye davası acarbu davada evde kendisinin oturacagini ve ayni ilcede bir baska evi olmadigini ispat etmek zorundadirbu dava ortalama 1-2 sene surer.--- spoiler ---gelen birkac soruya cevap vereyim. --- spoiler ---evi yeni satin alan kisi hemen tahliye davasi acabilir mi?hayir acamaz, evi satin alan kisi 1 ay icerisinde kiraciya noter uzerinden ihtarneme yollayarak evi 6 ay icinde bosaltmasini talep edebilir. yani evi satin aldi ve hemen cik diyemez. 6 ay kiraciya sure tanimak zorundadirevi satin alan yeni malik, 6 aydan once kiraciyi tahliye edebilir mi? illa 6 ay beklemesi mi lazimhayir, eger kiraci 2 kez kirasini odemez veya 2 kez aidatini odemez ise 6 ay bekleme suresi gecerli degildir. hemen tahliye davasi acabiliryeni mal sahibi kiraciya noterden ihtar yolladi ve 6 ay sonra da kiraci cikmadi. bu durunda tahliye davasi acinca kesin tahliye edebilir mi?hayir edemez. tbk351'inci maddeye uygun kosullar yerine gelmiyorsa tahliye edemez. yani evde ya kendisi oturmalidir, ya cocuklari oturmalidir, ya annesi veya babasi oturmalidir veya bakmakla yukumlu oldugu biri oturacak ise tahliye davasi olumlu sonuclanir. ornek, yeni mal sahibi size dedi ki cik evden ben evi baskasina daha yuksek kira ile kiraya verecegim. bu durumda sizi tahliye edemez.peki yeni mal sahibi ne yapabilir?kirayi dusuk buluyorsa rayic belirleme davasi acabilirevde ben oturacagim derse ve sizi de bu sekilde tahliye edip, sonra kendisi orada oturmaz ise kiraciya 1 yillik kira bedeli kadar tazminat oder. evi bosaltip, kiraciyi tahliye ettikten sonra evi 3 sene boyunca baskasina kiralayamaz"
mercedes actros,164222017,08.05.2024 21:23,comrade headcrab,"mercedes ticari kanadının durup dururken anasına avradına söven kesime mensup değilseniz, ikiye ayırıp birine sövüp birini övebileceğiniz çekici.şu an türkiye piyasasında normal ve geniş kabin versiyonları var, geniş kabinler de kendi içinde l ve gigaspace olmak üzere ikiye ayrılıyor. gördüğüm kadarıyla en siktiriboktan tip olanlar benim de arada sürmek zorunda kaldığım 1845'ler. bunların sıfırları bile gerek kabin genişliği, gerek donanım, gerekse yaşam alanı olarak eski bir 1848l'den daha kötü. entrynin ilk cümlesinde bahsettiğim mercedese fütursuzca söven kesime bu modeli her kullanışımda hak veriyorum.ama gel gör ki bir 1848l, bir 1853 gigaspace hiç de beğenilmeyecek modeller değil. bizim filoya son gelen 48'lerde adaptif cruise control falan bile var. multimedya kontrolleri, aracın sürüş ve teknik özelliklerine ulaşımı dokunmatik bir ekran vasıtasıyla oluyor, type-c portları ve apple car playi falan da var. velhasıl mis gibi araba, bunu beğenmeyen de artık siktirsin gitsin.ama tüm bunlar bir yana, yakında bizim şirkette direksiyon sallayacak olan sayın ağam bruce tea'nin de yakın zamanda tecrübe edeceği üzere hiçbir araba manın yerini tutmuyor. man bambaşka bir sevda.dünyada man ahirette iman ulan."
kendi ayakları üzerinde duran kadın,164212681,08.05.2024 14:53,sereserpen,"(bkz: nereyi imzalıyoruz)hayatının büyük bir bölümünü, bunun farkında olmayarak geçiren de kadındır. korkmayın, yine hayatımın acıklı döneminden bahsetmiycem*şu an olduğum kadına gelene kadar çok yol katettim. evlenip, pembe panjurlu evimin, çiçeklerle dolu bahçesinde koşturan sevimli çocukların annesi. eve yorgun argın gelen, müşfik ve sevgi dolu bir adamın gözlerinde güneşler açan eşi olmak hayalim, evliliğimin üçüncü günü yerle yeksan olmuştu. zor, çok zorlu yollardan ve yıllardan geçtim. tek başıma sokağa, bakkala, markete gidemeyen ben; 40'lı yaşlarımda her şeyi göze alıp hayatımın iplerini elime aldım. evlilik öncesi hariç çalışma hayatı olmamış ve para nasıl kazanılır, kazanılan para nasıl harcanır. bir ev kuş kadar maaşla nasıl dönerin kitabını yazdım sonraki yıllarda. sırf benim becerim değil tabii. yaşayarak öğrendim. kötü günlerim de oldu. beş kuruşsuz kaldığım, iş bulamadığım. makarna haşlayıp, ekmek arası domates yediğim günler. ama geçecekti biliyordum. yaşadığım zor şeylerin yanında, bir şekilde hayatta ve ayakta kalmayı borçluydum kendime. korkak olduğum kadar, hep cesur da oldum. her şeyi en başından inşaa etmek, kimsenin desteği olmadan, her şeyle ilgilenmek ve aynı zamanda hayatınızı kazanmak zorunda olmak, çocuklarınıza sevgi ve ilgi göstermek, bunun önemini bilmek. seçtiğiniz hayatı, siz seçtiğiniz için kimseye bedel ödetmek zorunda olmadığınızı bilmek. her şeyin güllük gülistanlık olmadığı, olmayacağı, olabileceği ama aksinin de olabileceği riskine rağmen, hayata sıkı sıkı sarılıp yola devam etmek. tabii ki hayaller kurmak ama gerçeğin yanıbaşınızda olduğunu bilerek, ne düne, ne yarına saklamadan hiçbir şeyi anın içinden keyif almaya çalışmak…kötü günler geçiyor, iyi günler de geçiyor. o ipler elinizdeyse, bazen gevşetip, bazen sıkıca kavrayıp yola devam etmektir aslolan. yola devam edenlere selam olsun..!"
sinem dedetaş,164204838,08.05.2024 09:13,markasiz,"belediye başkanı olduktan sonra kayınbiraderi basri onur dedetaş ataşehir belediyesi afet işleri müdürü olarak atadığı söylenen başkandır. ben de merak ettim. internette biraz araştırdım. basri onur dedetaş 20 yıldır belediyede çalışan biriymiş. daha önce de müdürmüş. sanıyorum sinem dedetaş'tan beklenen şey, zaten müdür olan kayınbiraderini, kocasının kardeşi olduğu için hademe yapmasıydı. hatta işten bile atmalıydı. çok ayıp etmiş. sosyal medya trollerinin kayıklarına binmeden önce biraz araştırma yapmak gerekli. bu olay başka şehirde olsa anlarım ama istanbul'da imamoğlu'nun kontrolündeki bölgede olma ihtimalini çok düşük olarak görüyorum."
eminem,164210493,08.05.2024 13:25,mavi topolino,"son iki albümünden 2018'de yayınladığı kamikaze albümü sadece spotify'da 3.2 milyar dinlemeyi geçmiş, 2020'de yayınladığı music to be murdered by ise yine spotify'da 3.8 milyarı dinlemeyi geride bırakmış durumda. bu albümlerin ikisi de billboard listelerine birinci sıradan girerek, eminem'e ardışık olarak yayınlanan 10 albüm ile bilboard listesine birinci sıradan giren tek sanatçı olma ünavanı kazandırmışlardır. (toplamda 10 albümde ise bu ünvanı taşıyan altı sanatçıdan biridir). eminem bu başarıyı örnek vermek gerekirse kanye west gibi sansasyonlar, dalyaraklıklar, cringe'likler yapmadan kazanmıştır ayrıca. kendisi evden işe, işten eve, boş kalan zamanında da hobileri ve ailesiyle vakit geçiren magazinden, sansasyondan, görünürlükten uzak sadece işini yapan bir sanatçıdır. buna rağmen bir numaradır ve 2024 yılının (amerikalıların tabiriyle) the most anticipated albümü * de kendisine aittir an itibariyle. kariyerine 90'lı yıllarda başlayıp 2024'te hala bir numara olan, hala relevant ve mainstream olan, hala yeni jenerasyon dinleyici kitlesi kazanabilen başka bir sanatçı varsa ben de merak ediyorum adını."
ırkçı olmak 10 sene sonra vatansız olmaktan iyidir,164222904,08.05.2024 21:49 ~ 09.05.2024 13:47,terasuas,"simge fıstıkoğlu'nun tarihe geçecek sözü. mansur yavaş'ın yaptığı mevcut durum sürdürülemez çıkışının ardından herkes cesaretlemeye başladı. --- spoiler ---ünlü spiker simge fıstıkoğlu:“irkçıymışım, çok şükür! bugün ırkçı olmak, 10 sene sonra vatansız olmaktan iyidir!ben bir türk öğretmeninin vatandaşlık satın alan bir iraklı tarafından öldürülmesine öfkeleniyorum!”--- spoiler ---(bkz: mevcut durum sürdürülemez endişeler gidirilmeli)"
kalben,164214194,08.05.2024 15:58,xaladin,"kahkaha attım görüntüleri izlerken. narkotik polisin şovuna bak, gücü bir şarkıcıya yetiyor resmen bunların. içici olduğu yüzde yüz belli kadının. bu kadın uyuşturucu satacak kadar düşmüş aciz durumda mı şimdi? skunk mı satacak sata sata? ele geçirilen maddeleri tek tek açıklıyorlar bir de. hahaha. ne güzel işte kendiniz satarsınız artık el altından. savcıların uyuştucu barosuna dönüşüp kendilerine ait araçlarla narkotik polisine uyuşturucu sattırdıkları ülkede komedi ötesi bir şov sadece. kim bilir hangi arkadaşı gammazladı kızı."
belediyelerin tamamen yolsuzluk yuvası olması,164223427,08.05.2024 22:03 ~ 09.05.2024 11:21,kiri,"iddia ediyorum belediyecilik yapan özel şirketler kurulsa, devlet tarafından aralıklarla açık bir şekilde denetlenseler, iş niteliğine göre kar paylarını alsalar, 2 seneye yaşadığımız yeri ve aldığımız hizmetleri tanıyamayız.tüm belediyeler birer liyakatsizlik mekanlarıdır ve bunları her iki grup desteklediğinden partilerle çözülecek bir sorun değildir bu.zaten çoğu insan bilir ki belediye = rant demek maalesef.édit:tek tek cevap veremeyeceğim, sevgili sokratesin torunları, özel şirket denetlerse yine olası kişilerin yolsuzluk yapacağını biliyorum elbette.bu örnekte aslında ne kadar büyük bir miktarda yapıldığını anlatmaya çalıştım.öte yandan bu denetim işi şu ana kadar problemli oldu ama gelecekte dijital bir takım yeni denetim modelleri ortaya çıkabilir o ayrı bir konu.bu metin neden debelendi onu da anlamadım ya neyse.iş açtık başımıza.tamam anladık devlet yaparsa yine tanıdık firmaya verir ok?"
the shawshank redemption,164198643,08.05.2024 00:17 ~ 09.05.2024 20:43,stefan kuntz,"-- spoiler --öykünün sonu""andy'nin orada olacağını umuyorum. sınırdan geçebileceğimi umuyorum.arkadaşımı görüp elini sıkabileceğimi umuyorum. pasifik'in düşlerimdeki gibi masmavi olacağını umuyorum. umut ediyorum....:cümleleri ile biter. yönetmen frank darabount da filmin ilk taslağında, red otobüsle giderken arkadan yaptığı çekimle bitirir filmi. hatta ""bana göre hikayenin kusursuz sonucu buydu, dolayısıyla uyarlanan filmin de. umudun vurgulandığı ama umutların tam gerçekleşmediği bir ifadeyle bitti"" demiştir. daha sonra yapımcılar andy ile red'i buluşturmayı düşünürler. çünkü seyircinin görmek isteyeceği final aslında budur derler. yönetmen karşı çıkar. böyle bir finalin eklenmesinin seyirciyi ucuz yollu tatmin etmeye çalışmak olacağını söyler. tam anlamıyla bir hollywood finali olacaktır. yapımcılar ısrar ederek finali çekmesini ister. eğer beğenmezsen filmin son haline ekleme derler. çeker, filme ekler, hikayedeki belirsizlikler son bulur ama seyircinin hayal gücüne bırakılan bir şey kalmaz. film biter herkes evine gider. öykünün sonu daha iyidir."
python (programlama dili),164211792,08.05.2024 14:15,beautiful soup,"python öğrenince illa yazılımcı olarak çalışmak zorunda değilsiniz. kendi alanınızda herkesin manuel olarak veya excel vs ile yapmaya çalıştığı şeyleri python kullanarak yapmak insana çok şey katıyor. yazılım bilgisini kendi alanınızda uygulamak insanı mesleğinde çok ileri taşıyor. sadece sayısal meslekler değil, sözel mesleklerde de python çok işe yarıyor. hatta şunu söyleyeyim, yazılım bilgisini alan bilginizle birlikte kullanıp kendi adınıza proje yapmak, sırf yazılım bilip başkalarına proje yapmaktan çok daha karlı bir iş.python yavaş diyenlere de kulak asmayın. c++ ile on milisaniyede sonuç verecek kod, python ile iki saniyede sonuç versin. aya roket göndermek, uluslararası finans piyasalarında arbitraj veya uçaksavar sistemi geliştirmek gibi saniyelerin önemli olduğu bir iş yapmıyorsanız bunun bir önemi yok. aynı işi yapacak c++ kodunu yazmak için belki günler harcayacaksınız, python ile aynı kodu bir saat içinde yazabiliyorsunuz. hız konusuna bir de böyle bakmak lazım."
